noun_hash,noun_name,page,offset,combined,start_page
0x00081C2B,DB,1546,299,791851,1920
0x00081DB5,TP,1876,1,960513,1920
0x00081F4B,UDA,1898,1,971777,1920
0x0008221C,MDB,1705,1,872961,1920
0x0008261D,LOC,1695,279,868119,1920
0x00082663,ARC,1479,313,757561,1920
0x000828FC,ROD,1787,1,914945,1920
0x00082AC9,TEE,1871,1,957953,1920
0x00083223,LUG,1699,166,870054,1920
0x00083CCA,LNK,1694,1,867329,1920
0x00083E57,DBL,1547,146,792210,1920
0x00084618,RUN,1793,1,918017,1920
0x0008499F,CAP,1504,1,770049,1920
0x00084B6E,GRP,1617,123,828027,1920
0x00084F85,ACR,1468,291,751907,1920
0x00085897,AHU,1474,1,754689,1920
0x000858A9,SHU,1820,1,931841,1920
0x000861E0,BOX,1496,1,765953,1920
0x0008703A,DPBA,1560,140,798860,1920
0x000871BC,LCCA,1685,266,862986,1920
0x00087313,DPCA,1560,294,799014,1920
0x0008738B,PTCA,1768,281,905497,1920
0x0008738E,STCA,1850,283,947483,1920
0x0008764E,USDA,1905,1,975361,1920
0x00087939,LTEA,1698,410,869786,1920
0x00088B61,PCLA,1748,1,894977,1920
0x00088B64,SCLA,1803,162,923298,1920
0x00088CB5,EPLA,1575,284,806684,1920
0x00088CB6,FPLA,1593,1,815617,1920
0x00088CC0,PPLA,1762,1,902145,1920
0x00088CC2,RPLA,1788,140,915596,1920
0x00088CC3,SPLA,1829,295,936743,1920
0x00088F3B,CMMA,1516,153,776345,1920
0x00089E42,PTRA,1769,289,906017,1920
0x00089E45,STRA,1853,1,948737,1920
0x00089EC9,PYRA,1771,291,907043,1920
0x0008A143,BVSA,1501,138,768650,1920
0x0008A1E6,CATA,1505,144,770704,1920
0x0008A1E7,DATA,1545,310,791350,1920
0x0008A21C,CCTA,1507,134,771718,1920
0x0008A30E,BLTA,1494,138,765066,1920
0x0008A3E5,ATTA,1487,137,761481,1920
0x0008AB0B,VFWA,1908,137,977033,1920
0x0008AC85,VTWA,1912,156,979100,1920
0x0008ADBB,HEXA,1628,145,833681,1920
0x0008B9DB,GLAB,1605,289,822049,1920
0x0008B9E7,SLAB,1821,313,932665,1920
0x0008BAB0,DTAB,1570,167,804007,1920
0x0008BAB8,LTAB,1698,286,869662,1920
0x0008C286,LMDB,1693,1,866817,1920
0x0008D80A,LALB,1682,1,861185,1920
0x0008D8CE,SHLB,1819,1,931329,1920
0x0008D92A,CLLB,1513,276,774932,1920
0x0008D92B,DLLB,1557,294,797478,1920
0x0008D937,PLLB,1754,1,898049,1920
0x0008D9A5,RPLB,1788,276,915732,1920
0x0008D9DD,TRLB,1880,1,962561,1920
0x0008DA99,SYLB,1862,1,953345,1920
0x0008DD72,SYMB,1862,150,953494,1920
0x0008DF8F,TRNB,1882,1,963585,1920
0x0008F311,SNUB,1826,145,935057,1920
0x0008F3A6,FTUB,1594,1,816129,1920
0x0008F3AE,NTUB,1739,1,890369,1920
0x00090736,SPAC,1827,265,935689,1920
0x0009076D,TRAC,1877,1,961025,1920
0x000907CD,HVAC,1653,1,846337,1920
0x00090B48,HACC,1621,265,830217,1920
0x0009129A,SPEC,1829,1,936449,1920
0x000912D0,SREC,1844,1,944129,1920
0x000912ED,USEC,1905,144,975504,1920
0x000912EE,VSEC,1911,116,978548,1920
0x000926D5,NSLC,1737,1,889345,1920
0x000926DA,SSLC,1846,1,945153,1920
0x00093274,SUPC,1859,197,952005,1920
0x000936D2,CIRC,1512,321,774465,1920
0x0009541D,WPAD,1918,145,982161,1920
0x0009545F,HSAD,1649,1,844289,1920
0x0009554D,CABD,1503,1,769537,1920
0x00095743,SSBD,1845,157,944797,1920
0x00095779,SUBD,1857,268,951052,1920
0x0009577A,TUBD,1892,130,968834,1920
0x00097247,WELD,1914,1,979969,1920
0x00097418,BWLD,1501,296,768808,1920
0x000977E4,BEND,1492,304,764208,1920
0x000978BE,DMND,1558,1,797697,1920
0x00097BBE,PNOD,1756,263,899335,1920
0x00097BC1,SNOD,1825,195,934595,1920
0x00097C22,HROD,1645,291,842531,1920
0x00097E6F,CMPD,1517,118,776822,1920
0x000982DD,CARD,1504,144,770192,1920
0x00098567,EYRD,1580,1,808961,1920
0x0009A45C,SUBE,1858,1,951297,1920
0x0009A45D,TUBE,1892,277,968981,1920
0x0009A821,LCDE,1686,166,863398,1920
0x0009A831,ADDE,1472,159,753823,1920
0x0009AB88,SHEE,1818,370,931186,1920
0x0009B4CD,POHE,1757,125,899709,1920
0x0009B855,BVIE,1501,1,768513,1920
0x0009BF1B,HELE,1628,1,833537,1920
0x0009BF25,RELE,1777,273,910097,1920
0x0009BF26,SELE,1815,1,929281,1920
0x0009BF92,SILE,1820,169,932009,1920
0x0009C033,ROLE,1787,115,915059,1920
0x0009C1FE,REME,1778,1,910337,1920
0x0009C469,PANE,1745,1,893441,1920
0x0009C53D,LINE,1691,293,866085,1920
0x0009C5D6,CONE,1525,366,781166,1920
0x0009C5ED,ZONE,1922,1,984065,1920
0x0009C802,SHOE,1819,160,931488,1920
0x0009CA1F,TAPE,1867,141,956045,1920
0x0009CAF3,PIPE,1751,328,896840,1920
0x0009CFBF,BARE,1490,299,763179,1920
0x0009D08E,THRE,1872,272,958736,1920
0x0009D104,CMRE,1518,291,777507,1920
0x0009D13A,CORE,1527,160,781984,1920
0x0009D1B1,NSRE,1737,350,889694,1920
0x0009D299,CASE,1504,266,770314,1920
0x0009D2EA,CDSE,1508,1,772097,1920
0x0009D2EB,DDSE,1552,1,794625,1920
0x0009D395,LJSE,1692,277,866581,1920
0x0009D3E1,GMSE,1608,142,823438,1920
0x0009D42F,DPSE,1562,140,799884,1920
0x0009D499,BTSE,1499,147,767635,1920
0x0009D49B,DTSE,1570,293,804133,1920
0x0009D4A7,PTSE,1770,1,906241,1920
0x0009D4AA,STSE,1856,1,950273,1920
0x0009D572,CATE,1505,281,770841,1920
0x0009D5D3,SDTE,1814,1,928769,1920
0x0009D65A,SITE,1820,350,932190,1920
0x0009D6C6,SMTE,1825,1,934401,1920
0x0009D6F7,NOTE,1732,138,886922,1920
0x0009DB31,PAVE,1745,156,893596,1920
0x0009DBA0,SEVE,1817,1,930305,1920
0x0009DCC9,SPVE,1843,1,943617,1920
0x0009E3B8,LAYE,1684,1,862209,1920
0x0009F801,UDEF,1898,138,971914,1920
0x000A0513,STIF,1851,135,947847,1920
0x000A103E,PRMF,1765,254,903934,1920
0x000A1217,CINF,1512,1,774145,1920
0x000A136A,RUNF,1793,127,918143,1920
0x000A1835,CMPF,1517,269,776973,1920
0x000A1E48,SPRF,1842,1,943105,1920
0x000A23B7,FNTF,1592,162,815266,1920
0x000A4676,RSEG,1791,138,917130,1920
0x000A5A14,RPLG,1789,1,915969,1920
0x000A5E27,HANG,1622,304,830768,1920
0x000A6F9B,UDTG,1900,334,973134,1920
0x000A7347,PLUG,1756,130,899202,1920
0x000A734A,SLUG,1824,145,934033,1920
0x000A798F,DRWG,1565,1,801281,1920
0x000AB2AD,SSPH,1847,1,945665,1920
0x000AB956,WASH,1913,280,979736,1920
0x000AB9A3,SDSH,1813,297,928553,1920
0x000AB9B8,MESH,1705,342,873302,1920
0x000ABA1B,DISH,1557,1,797185,1920
0x000AD7E9,TUBI,1893,1,969217,1920
0x000AD910,RECI,1774,294,908582,1920
0x000AD9F2,ANCI,1477,1,756225,1920
0x000ADCF3,NODI,1731,1,886273,1920
0x000AE14B,SBFI,1796,1,919553,1920
0x000AE264,CMFI,1516,1,776193,1920
0x000AE29A,COFI,1523,309,780085,1920
0x000AE474,REGI,1777,1,909825,1920
0x000AF0C5,LNKI,1694,112,867440,1920
0x000AF252,DBLI,1547,282,792346,1920
0x000AF254,FBLI,1581,1,809473,1920
0x000AF25B,MBLI,1702,281,871705,1920
0x000AF279,PCLI,1748,143,895119,1920
0x000AF28D,IDLI,1670,127,855167,1920
0x000AF361,ELLI,1573,310,805686,1920
0x000AF38B,TMLI,1873,391,959367,1920
0x000AF3C0,SOLI,1827,1,935425,1920
0x000AF3CC,DPLI,1561,170,799402,1920
0x000AF426,MSLI,1718,410,880026,1920
0x000AF42E,USLI,1905,393,975753,1920
0x000AF435,ATLI,1487,1,761345,1920
0x000AF4BE,CYLI,1542,312,789816,1920
0x000AF71D,PTMI,1769,1,905729,1920
0x000AFBC1,PJOI,1752,1,897025,1920
0x000AFBC4,SJOI,1821,1,932353,1920
0x000AFC57,DPOI,1561,291,799523,1920
0x000AFC5C,IPOI,1678,138,859274,1920
0x000AFC65,RPOI,1789,277,916245,1920
0x000AFC66,SPOI,1841,1,942593,1920
0x000AFC67,TPOI,1876,166,960678,1920
0x000B04D3,PORI,1760,1,901121,1920
0x000B054F,ETRI,1576,329,807241,1920
0x000B0932,ACTI,1470,281,752921,1920
0x000B0D03,FLUI,1586,154,812186,1920
0x000B0D89,EQUI,1576,166,807078,1920
0x000B0F2B,REVI,1781,167,912039,1920
0x000B1488,NBXI,1728,1,884737,1920
0x000B15DB,BOXI,1496,134,766086,1920
0x000B24CB,SUBJ,1858,173,951469,1920
0x000B3F26,PALJ,1744,219,893147,1920
0x000B3F95,SELJ,1815,129,929409,1920
0x000B47E7,PCOJ,1748,281,895257,1920
0x000B47EA,SCOJ,1805,1,924161,1920
0x000B725A,BACK,1490,149,763029,1920
0x000B9606,HOOK,1669,146,854674,1920
0x000B9FEF,GASK,1597,166,817830,1920
0x000B9FFC,TASK,1868,1,956417,1920
0x000BBC76,TABL,1865,286,955166,1920
0x000BBCC0,MDBL,1705,122,873082,1920
0x000BC174,BVCL,1500,300,768300,1920
0x000BD063,RAIL,1772,126,907390,1920
0x000BD223,GRIL,1616,140,827532,1920
0x000BD8F3,WALL,1913,125,979581,1920
0x000BD94B,CELL,1508,266,772362,1920
0x000BE18F,MBOL,1703,142,872078,1920
0x000BE195,SBOL,1796,339,919891,1920
0x000BE197,UBOL,1897,276,971540,1920
0x000BE3AE,PVOL,1771,138,906890,1920
0x000BE488,RCPL,1774,1,908289,1920
0x000BE598,TMPL,1874,1,959489,1920
0x000BEA29,ACRL,1469,1,752129,1920
0x000BEACD,CIRL,1513,1,774657,1920
0x000BEB83,WORL,1918,1,982017,1920
0x000BEC59,UWRL,1906,276,976148,1920
0x000BEEBF,NSSL,1738,155,890011,1920
0x000BF1CF,OUTL,1742,274,892178,1920
0x000BF44F,GRUL,1618,131,828547,1920
0x000BF450,HRUL,1648,282,844058,1920
0x000BF45A,RRUL,1790,282,916762,1920
0x000BF8C8,RFWL,1784,301,913709,1920
0x000BF96A,RLWL,1786,122,914554,1920
0x000BF979,FMWL,1591,341,814933,1920
0x000BF987,TMWL,1875,1,960001,1920
0x000BF9AC,COWL,1528,1,782337,1920
0x000BF9AD,DOWL,1559,253,798461,1920
0x000BF9CB,GPWL,1612,280,825624,1920
0x000BF9D7,SPWL,1843,144,943760,1920
0x000BF9D8,TPWL,1876,307,960819,1920
0x000BFA16,ASWL,1486,310,761142,1920
0x000BFA21,LSWL,1698,143,869519,1920
0x000BFA2A,USWL,1906,1,975873,1920
0x000BFA34,DTWL,1570,418,804258,1920
0x000BFA36,FTWL,1594,165,816293,1920
0x000BFA40,PTWL,1771,1,906753,1920
0x000BFA4D,BUWL,1500,1,768001,1920
0x000BFE23,LCYL,1689,1,864769,1920
0x000BFE25,NCYL,1729,1,885249,1920
0x000BFE27,PCYL,1749,182,895670,1920
0x000BFE2A,SCYL,1812,1,927745,1920
0x000BFFF5,STYL,1857,1,950785,1920
0x000C06C6,IDAM,1669,267,854795,1920
0x000C06EC,TEAM,1870,312,957752,1920
0x000C10C9,GRDM,1613,1,825857,1920
0x000C1D86,ADIM,1472,300,753964,1920
0x000C1D91,LDIM,1689,154,864922,1920
0x000C1D95,PDIM,1750,135,896135,1920
0x000C1D97,RDIM,1774,139,908427,1920
0x000C1F0F,PRIM,1765,131,903811,1920
0x000C274F,VOLM,1910,263,978183,1920
0x000C2A15,COMM,1525,1,780801,1920
0x000C2E90,PCOM,1749,1,895489,1920
0x000C2E93,SCOM,1805,155,924315,1920
0x000C2E94,TCOM,1869,283,957211,1920
0x000C2FD6,ROOM,1787,342,915286,1920
0x000C3F08,TXTM,1894,257,969985,1920
0x000C3F22,SYTM,1864,1,954369,1920
0x000C40CC,MNUM,1709,408,875416,1920
0x000C53DE,HFAN,1628,275,833811,1920
0x000C547E,FLAN,1584,300,811308,1920
0x000C551C,BRAN,1498,1,766977,1920
0x000C5F17,SDEN,1812,293,928037,1920
0x000C5F18,TDEN,1870,157,957597,1920
0x000C5FEC,PLEN,1753,1,897537,1920
0x000C6B50,PLIN,1753,317,897853,1920
0x000C6B9B,JOIN,1681,1,860673,1920
0x000C6BA1,POIN,1757,268,899852,1920
0x000C6BAF,CPIN,1529,1,782849,1920
0x000C6BB4,HPIN,1642,1,840705,1920
0x000C7867,SANN,1795,130,919170,1920
0x000C7A33,TRNN,1885,139,965259,1920
0x000C7B71,NCON,1728,146,884882,1920
0x000C7B76,SCON,1806,1,924673,1920
0x000C87C8,NLSN,1730,307,886067,1920
0x000C89A1,ACTN,1471,1,753153,1920
0x000C89B3,SCTN,1810,322,927042,1920
0x000C8DBF,BOUN,1495,281,765721,1920
0x000CA439,ELBO,1572,124,804988,1920
0x000CA4FF,NSBO,1735,1,888321,1920
0x000CA761,COCO,1523,164,779940,1920
0x000CA78C,SPCO,1828,305,936241,1920
0x000CA7B1,BRCO,1498,174,767150,1920
0x000CA7D8,NSCO,1735,139,888459,1920
0x000CB2D2,POGO,1757,1,899585,1920
0x000CB86E,UNIO,1902,259,974083,1920
0x000CBFE9,SDLO,1813,148,928404,1920
0x000CC10D,NOLO,1731,164,886436,1920
0x000CC12D,SPLO,1830,136,937096,1920
0x000CC3A5,CMMO,1516,283,776475,1920
0x000CC729,LSNO,1697,158,869022,1920
0x000CC72B,NSNO,1737,193,889537,1920
0x000CC72D,PSNO,1766,371,904563,1920
0x000CC949,PLOO,1754,135,898183,1920
0x000CC94C,SLOO,1823,151,933527,1920
0x000CCB67,REPO,1778,148,910484,1920
0x000CD152,UGRO,1901,306,973618,1920
0x000CD243,SPRO,1842,232,943336,1920
0x000CD546,GRSO,1617,357,828261,1920
0x000CD547,HRSO,1647,1,843265,1920
0x000CD684,ACTO,1471,117,753269,1920
0x000CD691,NCTO,1728,295,885031,1920
0x000CD696,SCTO,1811,1,927233,1920
0x000CD826,NRTO,1734,333,888141,1920
0x000CD82B,SRTO,1845,1,944641,1920
0x000CDC7D,REVO,1783,307,913203,1920
0x000CEE6C,SMAP,1824,290,934178,1920
0x000CEE9B,LOAP,1695,131,867971,1920
0x000CEEF4,TRAP,1877,293,961317,1920
0x000CEF1E,HTAP,1652,1,845825,1920
0x000CEF26,PTAP,1768,1,905217,1920
0x000D0B67,MRKP,1718,1,879617,1920
0x000D0D92,ALLP,1476,289,756001,1920
0x000D0F45,DAMP,1545,137,791177,1920
0x000D122E,TANP,1867,1,955905,1920
0x000D163A,CMOP,1517,1,776705,1920
0x000D1679,LOOP,1696,126,868478,1920
0x000D2099,LCSP,1688,1,864257,1920
0x000D21F0,DPSP,1562,278,800022,1920
0x000D224B,NSSP,1738,329,890185,1920
0x000D245B,BLTP,1494,269,765197,1920
0x000D2786,COUP,1527,280,782104,1920
0x000D2F13,SEXP,1817,138,930442,1920
0x000D2F14,TEXP,1871,307,958259,1920
0x000D337B,MTYP,1721,1,881153,1920
0x000D8730,DDAR,1551,150,794262,1920
0x000D8833,TMAR,1873,257,959233,1920
0x000D8874,DPAR,1560,1,798721,1920
0x000D88C3,BSAR,1499,1,767489,1920
0x000D8914,BVAR,1500,151,768151,1920
0x000D8C19,SWBR,1861,1,952833,1920
0x000D943A,USER,1905,283,975643,1920
0x000D9485,OVER,1743,1,892417,1920
0x000D9489,SVER,1860,138,952458,1920
0x000D9546,SBFR,1796,161,919713,1920
0x000D9805,TAGR,1866,271,955663,1920
0x000D9DF5,ADIR,1473,1,754177,1920
0x000D9EC4,SKIR,1821,146,932498,1920
0x000DA7D6,SPLR,1830,280,937240,1920
0x000DB037,DOOR,1559,1,798209,1920
0x000DB051,CPOR,1531,147,784019,1920
0x000DB0BD,CTOR,1538,318,787774,1920
0x000DB0CC,RTOR,1792,296,917800,1920
0x000DB1A5,SAPR,1795,294,919334,1920
0x000DB1A6,TAPR,1867,308,956212,1920
0x000DB1C0,SBPR,1797,141,920205,1920
0x000DB1C1,TBPR,1869,1,956929,1920
0x000DB1DB,SCPR,1808,317,926013,1920
0x000DB1DC,TCPR,1870,1,957441,1920
0x000DB38E,VSPR,1912,1,978945,1920
0x000DBEEF,SSTR,1848,1,946177,1920
0x000DBEF0,TSTR,1891,1,968193,1920
0x000DBF68,EXTR,1579,118,808566,1920
0x000DBF71,NXTR,1739,132,890500,1920
0x000DCCD4,LPYR,1697,1,868865,1920
0x000DCCD6,NPYR,1734,1,887809,1920
0x000DCCD8,PPYR,1763,138,902794,1920
0x000DD408,TCAS,1869,157,957085,1920
0x000DD8C6,SUBS,1858,314,951610,1920
0x000DDE3D,NSDS,1736,152,888984,1920
0x000DE079,SMES,1824,386,934274,1920
0x000DEAE5,NDIS,1729,165,885413,1920
0x000DEAEA,SDIS,1813,1,928257,1920
0x000DEBB1,BLIS,1493,311,764727,1920
0x000DF1A3,LNKS,1694,365,867693,1920
0x000DF525,STLS,1852,151,948375,1920
0x000DF69A,NGMS,1729,316,885564,1920
0x000DFA40,CONS,1526,1,781313,1920
0x000DFAA2,TRNS,1886,148,965780,1920
0x000DFCC8,CLOS,1515,143,775823,1920
0x000DFD41,PPOS,1762,278,902422,1920
0x000DFD48,WPOS,1918,278,982294,1920
0x000DFD6A,CROS,1534,136,785544,1920
0x000E05B1,PORS,1760,121,901241,1920
0x000E0779,MESS,1706,1,873473,1920
0x000E084B,GMSS,1608,271,823567,1920
0x000E0911,PTSS,1770,131,906371,1920
0x000E20F6,DDAT,1551,288,794400,1920
0x000E21DA,PLAT,1752,143,897167,1920
0x000E22B5,STAT,1849,390,947078,1920
0x000E26D1,RECT,1775,1,908801,1920
0x000E26D2,SECT,1814,199,928967,1920
0x000E2847,NSCT,1735,277,888597,1920
0x000E2873,DUCT,1571,1,804353,1920
0x000E2963,ACDT,1468,1,751617,1920
0x000E29B5,BFDT,1493,1,764417,1920
0x000E2C6B,UDET,1898,294,972070,1920
0x000E2D3D,OLET,1741,130,891522,1920
0x000E2DEC,ASET,1482,325,759109,1920
0x000E2DF8,MSET,1718,276,879892,1920
0x000E3800,PFIT,1751,1,896513,1920
0x000E3803,SFIT,1818,1,930817,1920
0x000E38DD,UNIT,1903,1,974337,1920
0x000E4011,BBLT,1492,148,764052,1920
0x000E40D2,FILT,1583,137,810633,1920
0x000E4628,VENT,1907,160,976544,1920
0x000E4723,CONT,1526,301,781613,1920
0x000E4833,EYNT,1579,273,808721,1920
0x000E49F4,VNOT,1910,131,978051,1920
0x000E4BC8,DEPT,1553,154,795290,1920
0x000E4C9F,CMPT,1518,1,777217,1920
0x000E4CEE,APPT,1479,1,757249,1920
0x000E4CF1,DPPT,1562,1,799745,1920
0x000E4CFD,PPPT,1763,1,902657,1920
0x000E4CFF,RPPT,1790,1,916481,1920
0x000E518C,VERT,1908,1,976897,1920
0x000E52FE,NSRT,1738,1,889857,1920
0x000E531E,STRT,1854,272,949520,1920
0x000E53E6,CAST,1504,378,770426,1920
0x000E5461,REST,1779,1,910849,1920
0x000E5479,OFST,1740,343,891223,1920
0x000E551E,RLST,1786,1,914433,1920
0x000E554B,INST,1674,256,857344,1920
0x000E5561,DOST,1559,128,798336,1920
0x000E556D,POST,1761,1,901633,1920
0x000E5570,SOST,1827,126,935550,1920
0x000E558B,SPST,1842,378,943482,1920
0x000E55B1,CRST,1534,293,785701,1920
0x000E55B6,HRST,1648,1,843777,1920
0x000E55C0,RRST,1790,141,916621,1920
0x000E55C2,TRST,1889,1,967169,1920
0x000E55F4,PTST,1770,280,906520,1920
0x000E56BE,BATT,1491,243,763635,1920
0x000E579A,FITT,1583,300,810796,1920
0x000E5AFC,HNUT,1638,295,838951,1920
0x000E629F,SEXT,1817,315,930619,1920
0x000E62A0,TEXT,1872,153,958617,1920
0x000E71A4,CMBU,1515,303,775983,1920
0x000E74B4,DOCU,1558,266,797962,1920
0x000E768D,REDU,1775,139,908939,1920
0x000E9580,CBOU,1506,1,771073,1920
0x000E96D4,SNOU,1826,1,934913,1920
0x000E9734,GROU,1617,1,827905,1920
0x000E97FD,SYOU,1862,285,953629,1920
0x000E97FE,TYOU,1895,1,970241,1920
0x000EA001,STRU,1855,144,949904,1920
0x000EA22E,INSU,1675,1,857601,1920
0x000EA3A3,DATU,1546,166,791718,1920
0x000EC6F7,CLEV,1513,138,774794,1920
0x000EC7A4,NREV,1734,168,887976,1920
0x000EC7A9,SREV,1844,163,944291,1920
0x000ED9D0,VALV,1907,1,976385,1920
0x000EE047,CINV,1512,165,774309,1920
0x000F0919,DRAW,1563,101,800357,1920
0x000F0A81,MDBW,1705,211,873171,1920
0x000F139C,VIEW,1908,310,977206,1920
0x000F2829,ROLW,1787,222,915166,1920
0x000F2AF3,COMW,1525,111,780911,1920
0x000F2B47,FRMW,1593,133,815749,1920
0x000F2DCC,CONW,1527,1,781825,1920
0x000F2E7D,RUNW,1794,1,918529,1920
0x000F2F71,SCOW,1807,110,925294,1920
0x000F3348,CMPW,1518,135,777351,1920
0x000F37EA,ACRW,1470,1,752641,1920
0x000F3A8F,CASW,1505,1,770561,1920
0x000F3B71,MISW,1706,97,873569,1920
0x000F3D72,MATW,1702,134,871558,1920
0x000F3DCB,UDTW,1901,166,973478,1920
0x000F4336,DBVW,1549,221,793309,1920
0x000F563E,PTAX,1768,141,905357,1920
0x000F60C0,FLEX,1585,1,811521,1920
0x000F6185,NSEX,1736,298,889130,1920
0x000F7C27,ABOX,1467,1,751105,1920
0x000F7C34,NBOX,1727,122,884346,1920
0x000F7C36,PBOX,1745,299,893739,1920
0x000F7C39,SBOX,1797,1,920065,1920
0x000F8C29,VRTX,1911,1,978433,1920
0x000FA248,OLAY,1741,1,891393,1920
0x000FA365,CWAY,1542,1,789505,1920
0x000FA4CD,LIBY,1691,1,865793,1920
0x000FA704,LCCY,1686,1,863233,1920
0x000FA7F9,NLCY,1730,1,885761,1920
0x000FA7FE,SLCY,1822,142,933006,1920
0x000FA85B,DPCY,1561,1,799233,1920
0x000FA8B6,NSCY,1736,1,888833,1920
0x000FCCFE,NLPY,1730,152,885912,1920
0x000FD74A,DBTY,1549,131,793219,1920
0x0010173D,MNOZ,1706,325,873797,1920
0x001036AC,NOZZ,1733,99,887395,1920
0x00114D1E,PIPCA,1751,161,896673,1920
0x0011EF67,HISEA,1636,151,837783,1920
0x0013E497,HIFLA,1633,191,836287,1920
0x00140111,HIPLA,1635,197,837317,1920
0x0014019D,MNPLA,1707,140,874124,1920
0x00140209,MRPLA,1718,149,879765,1920
0x00154B05,TEXPA,1872,1,958465,1920
0x0015A685,HIBRA,1630,156,834716,1920
0x0015E8BA,APYRA,1479,152,757400,1920
0x00161383,SPMSA,1839,1,941569,1920
0x001672B5,HATTA,1623,1,830977,1920
0x001672BF,RATTA,1773,1,907777,1920
0x001672C1,TATTA,1868,252,956668,1920
0x0018A9A5,SCCAB,1799,1,921089,1920
0x0018DB92,BRTAB,1498,352,767328,1920
0x0019FB0A,SPMEB,1834,1,939009,1920
0x001C1B38,ISOLB,1679,1,859649,1920
0x001E9E0B,GLYTB,1607,264,823048,1920
0x001EDBCA,SCTUB,1811,153,927385,1920
0x0020F56D,HYSAC,1666,133,853125,1920
0x00218045,TRNCC,1882,137,963721,1920
0x0024825F,LCOMC,1686,321,863553,1920
0x0024CC9A,GENNC,1600,135,819335,1920
0x00251377,DBLOC,1548,1,792577,1920
0x00251537,TRLOC,1880,145,962705,1920
0x0025292E,ASSOC,1485,149,760469,1920
0x00256660,GENPC,1601,149,819861,1920
0x0028E713,HBEAD,1623,145,831121,1920
0x0028E8CF,TREAD,1878,121,961657,1920
0x002B0F8C,OBJHD,1740,228,891108,1920
0x002B2DDE,ATTHD,1488,260,762116,1920
0x002C358F,FIELD,1582,287,810271,1920
0x002C3704,AWELD,1489,1,762369,1920
0x002C370C,IWELD,1680,1,860161,1920
0x002C3710,MWELD,1725,159,883359,1920
0x002C3715,RWELD,1794,291,918819,1920
0x002C4233,BUILD,1499,276,767764,1920
0x002C67F9,FAWLD,1597,1,817665,1920
0x002C6A07,STWLD,1856,326,950598,1920
0x002C9E50,LCOMD,1687,1,863745,1920
0x002CDA24,SCIND,1802,333,922957,1920
0x00320766,CNODE,1522,227,779491,1920
0x0032076B,HNODE,1638,1,838657,1920
0x00320775,RNODE,1786,254,914686,1920
0x00326328,CTTEE,1540,333,788813,1920
0x0034481A,CABLE,1503,149,769685,1920
0x00346DDC,CHOLE,1511,307,773939,1920
0x00346DE1,HHOLE,1629,196,834244,1920
0x0034F708,SLINE,1822,320,933184,1920
0x0034F774,SPINE,1829,153,936601,1920
0x00350719,ACONE,1468,148,751764,1920
0x0035A0F1,SCOPE,1807,1,925185,1920
0x00366844,PCDSE,1747,333,894797,1920
0x003778A4,CURVE,1541,156,789148,1920
0x003D79D9,CPROF,1533,152,785048,1920
0x003D79DD,GPROF,1611,281,825113,1920
0x003D79E3,MPROF,1714,1,877569,1920
0x003D7CED,HRSOF,1647,152,843416,1920
0x003E695E,CSURF,1536,1,786433,1920
0x003E6962,GSURF,1620,245,829685,1920
0x003F49D4,INSUF,1675,131,857731,1920
0x0042964B,CBSEG,1506,153,771225,1920
0x00429676,SCSEG,1809,157,926365,1920
0x00453C5E,GENNG,1600,306,819506,1920
0x0045D624,GENPG,1602,1,820225,1920
0x004E1225,GLYPH,1607,1,822785,1920
0x004E7730,HYFRH,1659,262,849670,1920
0x004ECA60,ADISH,1473,155,754331,1920
0x004F01D0,RPATH,1788,1,915457,1920
0x00522614,HANCI,1622,1,830465,1920
0x0054BC3A,LOCLI,1696,1,868353,1920
0x0054D2E7,LNKLI,1694,244,867572,1920
0x0054E18B,GRPLI,1617,235,828139,1920
0x0054ED8F,EXTLI,1579,1,808449,1920
0x0054F991,ACYLI,1472,1,753665,1920
0x00557440,GENNI,1601,1,819713,1920
0x0055C742,HIPOI,1636,1,837633,1920
0x00560E06,GENPI,1602,195,820419,1920
0x0057503C,HISTI,1637,1,838145,1920
0x006261F2,BLOCK,1494,1,764929,1920
0x0066BB82,HMARK,1637,211,838355,1920
0x00674709,FMWSK,1592,1,815105,1920
0x006AF06F,DRAEL,1563,1,800257,1920
0x006AF73B,PADEL,1744,1,892929,1920
0x006B2252,DESEL,1554,1,795649,1920
0x006C4DC3,HIPIL,1635,1,837121,1920
0x006D08F4,DBALL,1547,1,792065,1920
0x006D0B2A,CWALL,1541,310,789302,1920
0x006D0B2E,GWALL,1621,1,829953,1920
0x006D1487,XCELL,1919,289,982817,1920
0x006D7DD8,LCOML,1687,139,863883,1920
0x006E044D,HIHOL,1634,1,836609,1920
0x006E1904,SPOOL,1841,167,942759,1920
0x006E2493,HRSOL,1647,321,843585,1920
0x006E7B19,RAWPL,1795,1,919041,1920
0x006FA34E,DBSTL,1548,367,792943,1920
0x00707ACA,GTMWL,1620,373,829813,1920
0x00708343,PSPWL,1767,132,904836,1920
0x00712865,HSTYL,1651,1,845313,1920
0x0071E452,CSEAM,1535,137,786057,1920
0x0071E456,GSEAM,1618,254,828670,1920
0x0071E457,HSEAM,1649,176,844464,1920
0x00754EEE,SVOLM,1860,293,952613,1920
0x0076178D,XGEOM,1920,287,983327,1920
0x0077B5AB,ISOTM,1679,301,859949,1920
0x007A1E8D,HIPAN,1634,321,836929,1920
0x007A238C,RBRAN,1773,300,908076,1920
0x007BB701,AUXFN,1489,284,762652,1920
0x007F4725,MBURN,1704,288,872736,1920
0x007FC770,XCLTN,1920,143,983183,1920
0x00856060,GIBLO,1603,332,821068,1920
0x00856061,HIBLO,1629,353,834401,1920
0x0086BD1A,SUPPO,1860,1,952321,1920
0x008754D9,MBPRO,1703,263,872199,1920
0x00886AB6,AREVO,1481,143,758415,1920
0x008CB181,HCLIP,1626,1,832513,1920
0x008DC790,STAMP,1849,280,946968,1920
0x008E9027,PEROP,1750,298,896298,1920
0x008F584B,FMGRP,1589,348,813916,1920
0x009AE7D7,CUTBR,1544,134,790662,1920
0x009BA0AB,ORDER,1743,150,892566,1920
0x009C1B63,CUTFR,1544,266,790794,1920
0x009EC031,FLOOR,1585,182,811702,1920
0x009ECD76,ACTOR,1471,260,753412,1920
0x009ECF0B,ARTOR,1481,309,758581,1920
0x009F27A3,AUXPR,1490,1,762881,1920
0x009FA4B1,TRNRR,1886,1,965633,1920
0x00A0597F,AEXTR,1473,299,754475,1920
0x00A06B08,HICUR,1632,182,835766,1920
0x00A09A9E,MATUR,1701,268,871180,1920
0x00A5D81E,XCELS,1920,1,983041,1920
0x00A6DFDD,PTPOS,1769,143,905871,1920
0x00AAD2A4,GSTAT,1618,379,828795,1920
0x00AB41BE,RSECT,1791,1,916993,1920
0x00AC0189,DBSET,1548,251,792827,1920
0x00AC0306,GPSET,1612,150,825494,1920
0x00AE98FB,PAINT,1744,101,893029,1920
0x00AEF4EB,HINOT,1634,167,836775,1920
0x00AFB74B,GPART,1609,253,824061,1920
0x00B023F9,STLST,1852,289,948513,1920
0x00B03332,ACRST,1469,134,752262,1920
0x00B03A21,UNTST,1903,251,974587,1920
0x00B0A2EA,HICUT,1632,332,835916,1920
0x00B6EEB0,HIBOU,1630,1,834561,1920
0x00B6EF78,SPBOU,1828,1,935937,1920
0x00B6F462,HIDOU,1633,1,836097,1920
0x00B711E3,ASNOU,1484,1,759809,1920
0x00BF26A1,UDLOV,1899,296,972584,1920
0x00C42889,DICEW,1572,1,804865,1920
0x00C665E0,GROLW,1616,309,827701,1920
0x00C6B133,LCOMW,1687,274,864018,1920
0x00C87A39,SPMSW,1839,269,941837,1920
0x00D330BB,TRDAY,1878,1,961537,1920
0x00D358BE,CTRAY,1539,1,787969,1920
0x00D3E151,ASLCY,1483,138,759434,1920
0x00EBEADB,SPMBAA,1831,146,937618,1920
0x00EC37BE,SPMCAA,1832,145,938129,1920
0x00ED6B4A,SPMGAA,1834,265,939273,1920
0x00EEEBB9,SPMLAA,1836,262,940294,1920
0x00F01F45,SPMPAA,1837,292,940836,1920
0x00F32023,SPMZAA,1840,1,942081,1920
0x00F7D2C1,HYCOBA,1656,1,847873,1920
0x01049D9A,SYSCDA,1863,1,953857,1920
0x01074805,APPLDA,1478,158,756894,1920
0x01079E78,SYSMDA,1863,311,954167,1920
0x010B85F4,HYSZDA,1668,1,854017,1920
0x010E070A,TABHEA,1864,276,954644,1920
0x01110544,SCAREA,1798,159,920735,1920
0x01147690,SPMBFA,1831,295,937767,1920
0x0114C373,SPMCFA,1833,144,938640,1920
0x0115051C,GRIDFA,1614,314,826682,1920
0x0115F6FF,SPMGFA,1835,1,939521,1920
0x0117776E,SPMLFA,1837,1,940545,1920
0x0118AAFA,SPMPFA,1838,1,941057,1920
0x011BABD8,SPMZFA,1840,138,942218,1920
0x01457DC6,UDTCLA,1900,1,972801,1920
0x01465E7A,HBRFLA,1625,1,832001,1920
0x0149355D,GICPLA,1604,147,821395,1920
0x0149355E,HICPLA,1631,162,835234,1920
0x01495703,HDOPLA,1627,293,833317,1920
0x014966DB,NSTPLA,1739,304,890672,1920
0x01496D84,RAWPLA,1773,153,907929,1920
0x01655E79,HYWAPA,1669,1,854529,1920
0x01666475,HYGEPA,1660,133,850053,1920
0x01697449,DEMOPA,1552,136,794760,1920
0x017580FE,TKPARA,1873,124,959100,1920
0x0175DA10,GSTBRA,1619,1,828929,1920
0x0175DA11,HSTBRA,1650,132,844932,1920
0x017660DB,HANDRA,1622,167,830631,1920
0x017B3F44,CTSTRA,1540,1,788481,1920
0x017DE1CD,SPMBSA,1832,1,937985,1920
0x017E2EB0,SPMCSA,1833,298,938794,1920
0x017F623C,SPMGSA,1835,285,939805,1920
0x0180E2AB,SPMLSA,1837,145,940689,1920
0x01821637,SPMPSA,1838,152,941208,1920
0x0182DB9C,HYASSA,1654,1,846849,1920
0x01851715,SPMZSA,1840,280,942360,1920
0x0189E86F,SSNOTA,1846,177,945329,1920
0x018AACEC,SSBRTA,1845,296,944936,1920
0x018B2B97,SETSTA,1816,299,930091,1920
0x018B3148,REVSTA,1784,1,913409,1920
0x01C728CA,SCMCAB,1804,1,923649,1920
0x01C9E715,MTPLAB,1720,135,880775,1920
0x01C9F20D,MPTLAB,1716,1,878593,1920
0x01CC21C9,PDATAB,1750,1,896001,1920
0x01CC376F,WTHTAB,1919,148,982676,1920
0x01CC4262,RPLTAB,1789,144,916112,1920
0x01CC451C,NOMTAB,1732,1,886785,1920
0x01CC4A82,SLOTAB,1823,285,933661,1920
0x01CC4AB8,SNOTAB,1825,329,934729,1920
0x01CC51FF,SBRTAB,1797,320,920384,1920
0x01CC573A,HYSTAB,1667,1,853505,1920
0x01DFFA7C,DICEDB,1571,320,804672,1920
0x01E2912E,MATMDB,1701,139,871051,1920
0x01F196FF,NOTIFB,1732,263,887047,1920
0x0220D92E,FACELB,1580,266,809226,1920
0x0222D41E,TASKLB,1868,116,956532,1920
0x02237278,DRTMLB,1564,160,800928,1920
0x0223A035,VSINLB,1911,263,978695,1920
0x0225FB1B,ELEVLB,1573,1,805377,1920
0x02326298,NOMINB,1731,295,886567,1920
0x0239E4E3,SPMGOB,1835,158,939678,1920
0x023D3C17,HYPROB,1665,275,852755,1920
0x025A54A7,SPMGSB,1836,1,940033,1920
0x025AA18A,SPMHSB,1836,133,940165,1920
0x025DA268,SPMRSB,1838,304,941360,1920
0x026187CD,MWLDTB,1726,1,883713,1920
0x0267ECC1,FSTYTB,1593,287,815903,1920
0x0267ECC7,LSTYTB,1697,305,869169,1920
0x0267ECC8,MSTYTB,1719,1,880129,1920
0x0267ECCB,PSTYTB,1767,277,904981,1920
0x02A30046,POLFAC,1758,289,900385,1920
0x02A3033D,SPMFAC,1834,123,939131,1920
0x02A31726,MPTFAC,1715,1,878081,1920
0x02A7C1D1,SCHVAC,1801,310,922422,1920
0x02B7CDB9,TRSUCC,1889,135,967303,1920
0x02C72F59,GLYREC,1607,119,822903,1920
0x02C75C2C,GENSEC,1603,1,820737,1920
0x02D2B40C,HYGCGC,1660,1,849921,1920
0x02E761D7,HYCRIC,1657,127,848511,1920
0x02FB52FF,TRNCLC,1883,1,964097,1920
0x03208DE3,SPMSPC,1839,142,941710,1920
0x032B435F,AIDARC,1474,177,754865,1920
0x0334936E,LNDESC,1693,220,867036,1920
0x0339FC89,HYDWSC,1659,1,849409,1920
0x03444E78,TRNCUC,1884,1,964609,1920
0x037D0EFF,SPMCAD,1832,294,938278,1920
0x0380A7B2,HYLOAD,1662,280,851224,1920
0x038F1CA4,TOPICD,1875,406,960406,1920
0x0391F645,SUBSCD,1859,1,951809,1920
0x03974CE8,LSWIDD,1698,1,869377,1920
0x039E2567,SCREED,1809,1,926209,1920
0x03A61B0C,PRDEFD,1764,1,903169,1920
0x03A77BD5,NOTIFD,1732,361,887145,1920
0x03BF275B,ULOGID,1902,139,973963,1920
0x03C080FA,UVALID,1906,133,976005,1920
0x03D60DEE,REVBLD,1780,1,911361,1920
0x03D6F6F8,FAWELD,1596,301,817453,1920
0x03D6F83C,FMWELD,1591,176,814768,1920
0x03D71DA4,XPIFLD,1921,1,983553,1920
0x03D71E3B,MVIFLD,1723,192,882368,1920
0x03D73C91,CMTFLD,1519,306,778034,1920
0x03D9C8D2,LNFOLD,1693,367,867183,1920
0x03DB139A,TRNSLD,1886,327,965959,1920
0x03DC2256,STAWLD,1850,128,947328,1920
0x03DC232F,TABWLD,1866,140,955532,1920
0x03DC2AA7,ORDWLD,1743,297,892713,1920
0x03DC2AE1,STDWLD,1851,1,947713,1920
0x03DC32BC,ENGWLD,1575,134,806534,1920
0x03DC32DF,MOGWLD,1710,137,875657,1920
0x03DC38B7,XPIWLD,1921,300,983852,1920
0x03DC38F4,DSIWLD,1566,1,801793,1920
0x03DC394E,MVIWLD,1725,1,883201,1920
0x03DC3E08,HMKWLD,1637,338,838482,1920
0x03DC3FB8,HBLWLD,1623,289,831265,1920
0x03DC41F4,MWLWLD,1726,128,883840,1920
0x03DC42AC,HCMWLD,1626,168,832680,1920
0x03DC42E0,FEMWLD,1582,137,810121,1920
0x03DC43EB,COMWLD,1525,227,781027,1920
0x03DC4726,TRNWLD,1887,138,966282,1920
0x03DC4A18,RSOWLD,1791,273,917265,1920
0x03DC4A19,SSOWLD,1846,327,945479,1920
0x03DC50D4,NBRWLD,1727,267,884491,1920
0x03DC53AF,PBSWLD,1747,157,894621,1920
0x03DC5614,HYSWLD,1667,250,853754,1920
0x03DC57A4,CMTWLD,1521,313,779065,1920
0x03DC5838,PRTWLD,1766,1,904193,1920
0x03DC5847,DSTWLD,1567,135,802439,1920
0x03DC584A,GSTWLD,1619,280,829208,1920
0x03DC63AB,DSXWLD,1570,1,803841,1920
0x03E03E26,LCTIMD,1688,158,864414,1920
0x03E6F451,FMBEND,1587,1,812545,1920
0x03E6F50B,CTBEND,1537,1,786945,1920
0x03E7222F,CPREND,1532,1,784385,1920
0x03E72234,HPREND,1643,155,841371,1920
0x03F19A1B,TRNMOD,1885,1,965121,1920
0x03F1FC65,REVNOD,1783,1,912897,1920
0x04080873,REFGRD,1776,282,909594,1920
0x0408310C,PLTGRD,1755,272,898832,1920
0x0410426E,MTPGSD,1720,1,880641,1920
0x04104D66,MPTGSD,1715,282,878362,1920
0x041C0889,REVSTD,1784,135,913543,1920
0x043866F3,CNGFXD,1522,1,779265,1920
0x04659508,SCSUBE,1810,1,926721,1920
0x0468C7AB,PPIECE,1761,270,901902,1920
0x046FA4D3,AREADE,1480,118,757878,1920
0x047CD642,CSCREE,1535,1,785921,1920
0x04813573,SSREFE,1847,147,945811,1920
0x0483C414,OPENFE,1742,1,891905,1920
0x0487F263,RLCAGE,1785,142,914062,1920
0x04881676,SCPAGE,1807,231,925415,1920
0x0488EAB4,BRIDGE,1502,1,769025,1920
0x048B9135,HYDMGE,1658,261,849157,1920
0x04975D8C,POLYHE,1759,294,900902,1920
0x04B0C612,CTABLE,1536,264,786696,1920
0x04B1AB18,PDAELE,1749,272,895760,1920
0x04B1AF11,GOBELE,1609,1,823809,1920
0x04B1B247,SRCELE,1843,280,943896,1920
0x04B1BD1A,IMGELE,1672,180,856244,1920
0x04B1C0BE,WTHELE,1919,1,982529,1920
0x04B1C482,OBJELE,1740,1,890881,1920
0x04B1D3D1,SLOELE,1823,1,933377,1920
0x04B1D777,HTPELE,1652,295,846119,1920
0x04B1E138,UDTELE,1900,183,972983,1920
0x04B1E2AD,PRTELE,1765,342,904022,1920
0x04B1E7EC,INVELE,1677,315,858939,1920
0x04B6A987,ACRULE,1469,265,752393,1920
0x04B6A98A,DCRULE,1550,296,793896,1920
0x04C0CFF8,CPLANE,1530,1,783361,1920
0x04C0CFFC,GPLANE,1610,132,824452,1920
0x04C0DA01,GCPANE,1599,1,818689,1920
0x04C0DB04,WLPANE,1917,1,981505,1920
0x04C0DB97,HRPANE,1646,1,842753,1920
0x04C1A264,FMEDNE,1589,1,813569,1920
0x04D65058,TNASPE,1875,133,960133,1920
0x04D8542D,PRTYPE,1766,131,904323,1920
0x04E156E4,RSTARE,1792,1,917505,1920
0x04E1EA6C,MNRCRE,1708,1,874497,1920
0x04E232C1,HYPDRE,1664,267,852235,1920
0x04E55936,SCCORE,1799,143,921231,1920
0x04E5D780,CMTPRE,1520,278,778518,1920
0x04E947F2,AREASE,1480,271,758031,1920
0x04EB2F47,RUNGSE,1793,251,918267,1920
0x04EBC877,CPNISE,1530,307,783667,1920
0x04EBD447,CTRISE,1539,315,788283,1920
0x04EC9F5D,RAILSE,1772,253,907517,1920
0x04ED4ED3,HRPNSE,1646,144,842896,1920
0x04ED91C8,DEMOSE,1552,309,794933,1920
0x04EDDA5C,HRKPSE,1645,143,842383,1920
0x04EDE56F,HOOPSE,1640,1,839681,1920
0x04EDEDD0,TMRPSE,1874,136,959624,1920
0x04EE7DEC,CCORSE,1507,1,771585,1920
0x04EE81CC,WLPRSE,1917,285,981789,1920
0x04EF2467,POSTSE,1761,140,901772,1920
0x04F01230,DBVWSE,1550,1,793601,1920
0x04F16904,RLGATE,1785,285,914205,1920
0x04F1699C,HRGATE,1645,1,842241,1920
0x04F1779E,CPLATE,1530,135,783495,1920
0x04F177A2,GPLATE,1610,261,824581,1920
0x04F177A3,HPLATE,1642,137,840841,1920
0x04F177A8,MPLATE,1711,327,876359,1920
0x04F3C0B8,TABITE,1865,149,955029,1920
0x04F3D045,ENGITE,1575,1,806401,1920
0x04F70D29,HPATTE,1641,175,840367,1920
0x04FCC2B2,VVALUE,1912,330,979274,1920
0x04FE43C1,TABQUE,1866,1,955393,1920
0x0506E2D5,CCURVE,1507,284,771868,1920
0x0506E2D9,GCURVE,1599,137,818825,1920
0x0506E2DA,HCURVE,1627,150,833174,1920
0x051A03A5,DSLAYE,1566,162,801954,1920
0x05538EBC,STADEF,1848,159,946335,1920
0x0553A5B4,MVIDEF,1722,1,881665,1920
0x0553B38C,TRNDEF,1884,288,964896,1920
0x0553BD39,MBRDEF,1704,1,872449,1920
0x0553BFFE,TASDEF,1897,138,971402,1920
0x0553C068,RESDEF,1778,272,910608,1920
0x0553C1D1,ASSDEF,1484,305,760113,1920
0x0553C2C7,DATDEF,1546,1,791553,1920
0x0553C42B,INTDEF,1676,176,858288,1920
0x0553CA63,HSVDEF,1651,261,845573,1920
0x0553D10C,LAYDEF,1683,312,862008,1920
0x0557CB70,HRDREF,1644,160,841888,1920
0x0557F7C7,SFTREF,1818,243,931059,1920
0x055D610C,CSTIFF,1535,274,786194,1920
0x055D6110,GSTIFF,1619,141,829069,1920
0x055D6111,HSTIFF,1650,271,845071,1920
0x05A90473,WLPROF,1917,142,981646,1920
0x05A9049F,MNPROF,1707,271,874255,1920
0x05C7CD3A,HYBMSF,1654,146,846994,1920
0x060DF332,LDRCAG,1689,317,865085,1920
0x060F9892,SCDIAG,1799,278,921366,1920
0x0632DD4A,ISOREG,1679,160,859808,1920
0x06331179,CAGSEG,1503,310,769846,1920
0x065A2406,CPINJG,1529,257,783105,1920
0x0662E66F,MANPKG,1700,129,870529,1920
0x06671CAB,TRNCLG,1883,147,964243,1920
0x066F4662,INSCMG,1673,167,856743,1920
0x067101A8,FEMIMG,1581,330,809802,1920
0x06711258,LASIMG,1682,147,861331,1920
0x06711797,EXTIMG,1578,294,808230,1920
0x0676B3C5,HFLANG,1629,1,834049,1920
0x0676C46B,DBRANG,1548,135,792711,1920
0x06793D58,FIXING,1584,1,811009,1920
0x067A1421,STRLNG,1853,299,949035,1920
0x067A1927,INTLNG,1677,174,858798,1920
0x067B3B61,CLNPNG,1514,307,775475,1920
0x06980B4B,SPLDRG,1830,1,936961,1920
0x06ACDB0E,UNTSTG,1904,1,974849,1920
0x06FBAF05,TAFLCH,1897,1,971265,1920
0x06FDFE52,DSXSCH,1569,147,803475,1920
0x06FE3111,HNOTCH,1638,148,838804,1920
0x07429BC3,OBJELH,1740,115,890995,1920
0x07825A17,MNPATH,1707,1,873985,1920
0x0782E8AF,MPLCTH,1712,133,876677,1920
0x0787A326,MRESTH,1717,146,879250,1920
0x0787CD4C,CMTSTH,1521,1,778753,1920
0x0788177B,MNSTTH,1709,140,875148,1920
0x0788CB4E,MRAWTH,1717,1,879105,1920
0x07AE30DE,APOLYH,1477,322,756546,1920
0x07AE30EB,NPOLYH,1733,246,887542,1920
0x07C83C35,HYGRAI,1660,266,850186,1920
0x07CF1291,HPANBI,1640,133,839813,1920
0x07D4FD8A,MPTFCI,1715,139,878219,1920
0x07D72EC4,TRANCI,1877,122,961146,1920
0x07D72F0D,LUANCI,1699,1,869889,1920
0x07D7EED2,SCOPCI,1806,141,924813,1920
0x07DBE404,HYSBDI,1666,264,853256,1920
0x07EC3536,HVACFI,1653,137,846473,1920
0x07F1FC08,SCHVFI,1802,1,922625,1920
0x0820E52C,DIMPLI,1555,137,796297,1920
0x08219495,HYTRLI,1668,269,854285,1920
0x08309B13,TRUNNI,1889,275,967443,1920
0x08391F5B,AIDPOI,1475,277,755477,1920
0x08518F42,GENPRI,1602,344,820568,1920
0x085190AE,TRNPRI,1885,272,965392,1920
0x0852D116,RESTRI,1779,285,911133,1920
0x08628EE6,GICSTI,1604,293,821541,1920
0x08628EE7,HICSTI,1632,1,835585,1920
0x0862B8E1,HBRSTI,1625,189,832189,1920
0x086A162D,SCEQUI,1800,323,921923,1920
0x087AB03A,MPLRWI,1713,130,877186,1920
0x08AA62DF,MOGOBJ,1710,1,875521,1920
0x08AA7C2B,ILPOBJ,1671,176,855728,1920
0x0986AAC5,FMSSBK,1590,1,814081,1920
0x098A644E,DICECK,1571,181,804533,1920
0x098D7E0E,BBLOCK,1492,1,763905,1920
0x098D7E13,GBLOCK,1598,1,818177,1920
0x098D7E19,MBLOCK,1703,1,871937,1920
0x098E58ED,HYGRCK,1661,1,850433,1920
0x09D99006,DRSYLK,1564,1,800769,1920
0x09E2963A,HYTANK,1668,138,854154,1920
0x09E4E565,LNLINK,1695,1,867841,1920
0x09E5AD64,STALNK,1849,138,946826,1920
0x09E5D007,CYMLNK,1543,156,790172,1920
0x09E5E2B2,CMTLNK,1520,1,778241,1920
0x09E5E79B,REVLNK,1782,151,912535,1920
0x0A0694BC,MTPMRK,1720,271,880911,1920
0x0A0699F8,CPRMRK,1532,303,784687,1920
0x0A069FB4,MPTMRK,1716,137,878729,1920
0x0A099AAA,MNRWRK,1708,301,874797,1920
0x0A5A3570,STAVAL,1850,1,947201,1920
0x0A5A44FC,CFGVAL,1510,131,773251,1920
0x0A61F9EB,LAYTBL,1685,1,862721,1920
0x0A708F98,FEMODL,1582,1,809985,1920
0x0A74A29A,MLABEL,1706,186,873658,1920
0x0A74FC98,TAFCEL,1896,301,971053,1920
0x0A75121B,SPMCEL,1833,1,938497,1920
0x0A75152B,TRNCEL,1882,277,963861,1920
0x0A7553C4,GRIDEL,1614,153,826521,1920
0x0A755BFF,HOLDEL,1639,1,839169,1920
0x0A778AB6,TTSKEL,1891,277,968469,1920
0x0A77B2E5,TWFLEL,1893,136,969352,1920
0x0A783D9F,BPANEL,1496,263,766215,1920
0x0A783DA0,CPANEL,1528,309,782645,1920
0x0A783DA4,GPANEL,1609,117,823925,1920
0x0A783DA5,HPANEL,1641,1,840193,1920
0x0A783DAA,MPANEL,1710,267,875787,1920
0x0A799064,COLREL,1524,134,780422,1920
0x0A79A155,TMRREL,1874,264,959752,1920
0x0A79D583,MVISEL,1724,313,883001,1920
0x0A7AAFAF,BLEVEL,1493,166,764582,1920
0x0A7B2280,STRWEL,1855,299,950059,1920
0x0A7D77F0,HOLDFL,1639,134,839302,1920
0x0A7E5BE0,MPKGFL,1711,1,876033,1920
0x0A94D461,TRFAIL,1879,1,962049,1920
0x0A94F5EA,SLRAIL,1824,1,933889,1920
0x0A9671DD,EXPFIL,1577,150,807574,1920
0x0A967CD1,ATTFIL,1488,115,761971,1920
0x0A9A9F4F,CLNTIL,1515,1,775681,1920
0x0AAD58C2,CTWALL,1541,1,788993,1920
0x0AAD58D2,STWALL,1856,148,950420,1920
0x0AB7D17E,LCTIML,1688,295,864551,1920
0x0AC632DA,EXPCOL,1577,1,807425,1920
0x0AC63DCE,ATTCOL,1487,331,761675,1920
0x0AC78CB2,HICHOL,1630,341,834901,1920
0x0AC7B821,CPRHOL,1532,154,784538,1920
0x0AC7B826,HPRHOL,1643,312,841528,1920
0x0AC9CCFA,HSPOOL,1650,1,844801,1920
0x0AC9CD02,PSPOOL,1767,1,904705,1920
0x0AC9D7DC,MNTOOL,1709,277,875285,1920
0x0ACBF2D3,RUTVOL,1794,142,918670,1920
0x0ACE3AAE,MVICPL,1721,282,881434,1920
0x0ACE871F,GRIDPL,1615,128,827008,1920
0x0AD08F4F,KICKPL,1681,218,860890,1920
0x0AD1596B,SHTMPL,1819,289,931617,1920
0x0AD15A6A,DRTMPL,1564,324,801092,1920
0x0AD15A85,DSTMPL,1567,1,802305,1920
0x0AD37022,PBSTPL,1746,320,894272,1920
0x0AD375E5,FCUTPL,1581,168,809640,1920
0x0AE312EE,ATTRRL,1488,370,762226,1920
0x0AE398C7,CTMTRL,1538,154,787610,1920
0x0AE47FF7,CYMWRL,1543,324,790340,1920
0x0AE48729,ILPWRL,1672,1,856065,1920
0x0AE5E063,PRBASL,1763,356,903012,1920
0x0AE84D2D,PRDISL,1765,1,903681,1920
0x0AEF165E,TSTDTL,1890,247,967927,1920
0x0AF299CA,POLPTL,1759,134,900742,1920
0x0AF39265,TWRSTL,1894,1,969729,1920
0x0AFB3BD6,CRERUL,1534,1,785409,1920
0x0AFB7308,LAYRUL,1684,291,862499,1920
0x0B0658A3,AREAWL,1481,1,758273,1920
0x0B06F7B3,ENGCWL,1574,141,806029,1920
0x0B070E47,GLOCWL,1606,1,822273,1920
0x0B071957,DISCWL,1556,273,796945,1920
0x0B072184,REVCWL,1781,1,911873,1920
0x0B074AB6,GRIDWL,1616,1,827393,1920
0x0B074B28,MVIDWL,1722,156,881820,1920
0x0B078965,PRDEWL,1764,267,903435,1920
0x0B07B243,BASEWL,1491,1,763393,1920
0x0B07D654,ASDFWL,1482,161,758945,1920
0x0B09723A,LINKWL,1692,137,866441,1920
0x0B09D57F,REVLWL,1782,291,912675,1920
0x0B09DFA0,STYLWL,1857,133,950917,1920
0x0B0AA279,DEMOWL,1553,1,795137,1920
0x0B0AB506,ASSOWL,1486,1,760833,1920
0x0B0AE071,SYGPWL,1861,282,953114,1920
0x0B0C0C16,UDETWL,1899,148,972436,1920
0x0B0C33AD,DBSTWL,1549,1,793089,1920
0x0B0C8357,MATUWL,1702,1,871425,1920
0x0B0D22E1,DBVWWL,1550,146,793746,1920
0x0B1C6B97,LBSTYL,1685,141,862861,1920
0x0B1C6BA7,ACSTYL,1470,138,752778,1920
0x0B1C6BAA,DCSTYL,1551,1,794113,1920
0x0B1C6CB8,DMSTYL,1558,137,797833,1920
0x0B1C6D42,GRSTYL,1618,1,828417,1920
0x0B1C6DD8,VWSTYL,1913,1,979457,1920
0x0B1C6DF1,TXSTYL,1894,133,969861,1920
0x0B3C6351,HYCSBM,1657,250,848634,1920
0x0B551293,FAITEM,1596,140,817292,1920
0x0B551429,GPITEM,1610,1,824321,1920
0x0B55143A,XPITEM,1921,152,983704,1920
0x0B551474,ASITEM,1483,1,759297,1920
0x0B58A0CF,PRDEFM,1764,129,903297,1920
0x0B696AA1,HYAGHM,1653,294,846630,1920
0x0B70A17C,FMBDIM,1586,279,812311,1920
0x0B70AA07,FMEDIM,1588,198,813254,1920
0x0B70C342,LINDIM,1691,134,865926,1920
0x0B70DD49,FMWDIM,1591,1,814593,1920
0x0BA132C5,EQUCOM,1576,1,806913,1920
0x0BA2BBF4,DSXHOM,1568,158,802974,1920
0x0BBA1DA3,HRTERM,1648,134,843910,1920
0x0BBA69EC,PLTFRM,1755,133,898693,1920
0x0BBA6A1B,INTFRM,1677,1,858625,1920
0x0BBA6B25,EXTFRM,1578,1,807937,1920
0x0BBAACC2,HYPGRM,1665,1,852481,1920
0x0BBCF760,HYFORM,1659,131,849539,1920
0x0BF6E09B,LABSYM,1699,315,870203,1920
0x0BF6EB88,AXESYM,1489,132,762500,1920
0x0BF71168,DESSYM,1554,101,795749,1920
0x0C0E5171,GICPAN,1604,1,821249,1920
0x0C0E5172,HICPAN,1631,1,835073,1920
0x0C0E7676,GIPPAN,1605,1,821761,1920
0x0C0E7F01,GISPAN,1605,147,821907,1920
0x0C0EE7C8,SCBRAN,1798,321,920897,1920
0x0C0EE9D4,CWBRAN,1542,139,789643,1920
0x0C15B9ED,THUMBN,1873,1,958977,1920
0x0C164D5B,PBSOBN,1746,160,894112,1920
0x0C2EE3BB,PLOPEN,1754,271,898319,1920
0x0C2EE3C2,WLOPEN,1916,268,981260,1920
0x0C2EE419,BPOPEN,1497,316,766780,1920
0x0C3021BB,SCSTEN,1809,307,926515,1920
0x0C4E0040,AIDLIN,1475,137,755337,1920
0x0C4E00C8,BNDLIN,1495,1,765441,1920
0x0C4E0DED,SCILIN,1802,166,922790,1920
0x0C4E0E13,CEILIN,1508,131,772227,1920
0x0C4E21DC,SCPLIN,1808,173,925869,1920
0x0C4E2A20,BASLIN,1491,128,763520,1920
0x0C4EF866,WLJOIN,1916,129,981121,1920
0x0C4EF92A,CTJOIN,1538,1,787457,1920
0x0C4F195E,LAVOIN,1683,1,861697,1920
0x0C505F71,COATIN,1522,368,779632,1920
0x0C63FC31,GRIDLN,1615,1,826881,1920
0x0C64046C,HOLDLN,1639,266,839434,1920
0x0C64D8FB,REFGLN,1776,141,909453,1920
0x0C67825E,FMBPLN,1587,166,812710,1920
0x0C776EF2,FACONN,1595,158,816798,1920
0x0C77701A,ELCONN,1572,281,805145,1920
0x0C7C1B72,VERCON,1907,322,976706,1920
0x0C7C26D2,REVCON,1780,321,911681,1920
0x0C7C2A77,FMWCON,1590,216,814296,1920
0x0C7DC96D,REGION,1777,151,909975,1920
0x0C830033,HYPZON,1666,1,852993,1920
0x0C839D3D,GBRAPN,1598,134,818310,1920
0x0C839D3E,HBRAPN,1624,155,831643,1920
0x0C83F476,GSUBPN,1620,1,829441,1920
0x0C83F477,HSUBPN,1651,127,845439,1920
0x0C941E3C,MTPBRN,1719,280,880408,1920
0x0C942934,MPTBRN,1714,291,877859,1920
0x0CB14440,LDRRUN,1690,136,865416,1920
0x0CC0A81C,DSXOWN,1569,1,803329,1920
0x0CCA3480,PBSTXN,1747,1,894465,1920
0x0CEA0FA0,GXTRAO,1621,152,830104,1920
0x0CED087B,HBRABO,1624,1,831489,1920
0x0CF0C10E,CPANBO,1528,162,782498,1920
0x0CF0C113,HPANBO,1640,290,839970,1920
0x0CF4FEFB,HYDACO,1658,127,849023,1920
0x0CF59BF7,TAFCCO,1896,143,970895,1920
0x0CF62D24,FACECO,1580,134,809094,1920
0x0CF84D4E,SCELCO,1800,139,921739,1920
0x0CF8F40E,TRINCO,1879,269,962317,1920
0x0CF94A2D,HYLOCO,1663,1,851457,1920
0x0CF99D54,SCOPCO,1806,306,924978,1920
0x0CFA2299,HYGRCO,1661,139,850571,1920
0x0CFB1F59,TROUCO,1888,1,966657,1920
0x0D0731A1,EXTGEO,1578,150,808086,1920
0x0D11465C,IDINFO,1670,1,855041,1920
0x0D115C20,SUPNFO,1859,365,952173,1920
0x0D1203E1,GSUPFO,1620,133,829573,1920
0x0D70673E,TABGRO,1864,143,954511,1920
0x0D706DB5,AIDGRO,1475,1,755201,1920
0x0D707D03,DSIGRO,1565,139,801419,1920
0x0D708759,DIMGRO,1555,1,796161,1920
0x0D709C56,DSTGRO,1566,313,802105,1920
0x0DC07F91,CMTCAP,1519,158,777886,1920
0x0DC1A28D,BRNGAP,1502,129,769153,1920
0x0DC369DD,COLMAP,1524,1,780289,1920
0x0DC3799E,MBRMAP,1704,152,872600,1920
0x0DD0FE02,CGRDCP,1511,1,773633,1920
0x0DE12EA3,ISODEP,1678,277,859413,1920
0x0DF12C20,REVCGP,1780,158,911518,1920
0x0DF1E0F0,ASDFGP,1482,1,758785,1920
0x0DF38C44,TTSKGP,1892,1,968705,1920
0x0DF3B473,TWFLGP,1893,277,969493,1920
0x0DF4BFA2,ASSOGP,1485,285,760605,1920
0x0DF63EA8,RESTGP,1779,141,910989,1920
0x0E015BD5,DISCIP,1556,148,796820,1920
0x0E19F97B,CGRDLP,1511,155,773787,1920
0x0E1CFB31,CORNLP,1544,1,790529,1920
0x0E21CC25,INSCMP,1673,301,856877,1920
0x0E2267A5,SCTEMP,1810,170,926890,1920
0x0E253911,WLCOMP,1914,302,980270,1920
0x0E25392B,VMCOMP,1909,269,977677,1920
0x0E26D389,SPLTMP,1831,1,937473,1920
0x0E355969,REVNOP,1783,160,913056,1920
0x0E35899D,SCLOOP,1803,305,923441,1920
0x0E358ADE,POLOOP,1759,1,900609,1920
0x0E3F888A,CTSUPP,1540,176,788656,1920
0x0E4B58D0,STAGRP,1848,291,946467,1920
0x0E4B6087,WLDGRP,1915,1,980481,1920
0x0E4B685C,CFGGRP,1509,133,772741,1920
0x0E4B6936,ENGGRP,1574,313,806201,1920
0x0E4B7B73,CYMGRP,1543,1,790017,1920
0x0E4B82A5,ILPGRP,1671,1,855553,1920
0x0E4B8C99,SYSGRP,1863,158,954014,1920
0x0E4B8D47,DETGRP,1554,252,795900,1920
0x0E4B8E40,JNTGRP,1680,286,860446,1920
0x0E4B9A25,DSXGRP,1568,1,802817,1920
0x0E5599EA,OPENSP,1742,129,892033,1920
0x0E55A534,POINSP,1758,1,900097,1920
0x0E5DFDF8,HYCOTP,1656,278,848150,1920
0x0EC03E23,CNGREQ,1522,114,779378,1920
0x0EC08A23,SEGSEQ,1814,334,929102,1920
0x0EC09AC8,NAMSEQ,1727,1,884225,1920
0x0EC09F10,CONSEQ,1526,142,781454,1920
0x0EC0FB43,HYSTEQ,1667,124,853628,1920
0x0F2AB23B,INSURQ,1675,254,857854,1920
0x0F30B122,MNRNSQ,1708,144,874640,1920
0x0F3A28E9,MRESTQ,1717,291,879395,1920
0x0F76A635,APPDAR,1478,1,756737,1920
0x0F770D02,TRYEAR,1890,124,967804,1920
0x0F776F4C,REFGAR,1776,1,909313,1920
0x0F7A283D,SYGPAR,1861,137,952969,1920
0x0F7A4B26,SETPAR,1816,156,929948,1920
0x0F817EFD,ASSMBR,1485,1,760321,1920
0x0F818D3D,DSXMBR,1568,299,803115,1920
0x0F89CB08,CPINCR,1529,120,782968,1920
0x0F8ECEF6,RLADDR,1785,1,913921,1920
0x0F8ECEF7,SLADDR,1822,1,932865,1920
0x0F96F243,LADDER,1681,355,861027,1920
0x0F9AAE0D,TROPER,1887,271,966415,1920
0x0F9BA5CC,TRUSER,1890,1,967681,1920
0x0F9D398A,VLAYER,1909,1,977409,1920
0x0FA6FADC,CLNCGR,1514,1,775169,1920
0x0FABFB88,UDETGR,1899,1,972289,1920
0x0FAD1253,DBVWGR,1549,353,793441,1920
0x0FB44311,CMTTHR,1521,166,778918,1920
0x0FB715F1,AIDCIR,1474,313,755001,1920
0x0FB75215,GLYCIR,1606,134,822406,1920
0x0FD22CC0,HPILLR,1641,315,840507,1920
0x0FD3EC0A,GRDRLR,1613,144,826000,1920
0x0FD40812,ANNRLR,1477,179,756403,1920
0x0FD41679,POSRLR,1760,244,901364,1920
0x0FE7B70F,CABCOR,1502,254,769278,1920
0x0FEB6EB4,CFLOOR,1510,261,773381,1920
0x0FEDE3FE,SEQWOR,1815,279,929559,1920
0x1013A5FB,POINTR,1758,142,900238,1920
0x10140C8D,CPROTR,1533,300,785196,1920
0x10140C91,GPROTR,1612,1,825345,1920
0x1014D202,HYFRTR,1659,384,849792,1920
0x10152770,HYISTR,1662,140,851084,1920
0x10153784,TOOSTR,1895,139,970379,1920
0x10153EDE,LDRSTR,1690,280,865560,1920
0x10154095,STRSTR,1854,132,949380,1920
0x10169B35,FMEXTR,1589,181,813749,1920
0x10188151,GENCUR,1600,1,819201,1920
0x101882BD,TRNCUR,1884,147,964755,1920
0x101D50ED,TRNSUR,1887,1,966145,1920
0x101DB949,FIXTUR,1584,155,811163,1920
0x102DE14B,STRTWR,1855,1,949761,1920
0x1053DA88,LNCLAS,1693,90,866906,1920
0x106513D9,HYLOCS,1663,148,851604,1920
0x1068E6C0,TREADS,1878,249,961785,1920
0x1071E346,COCDES,1523,1,779777,1920
0x10720717,SCPDES,1808,1,925697,1920
0x1074F4F5,OLINES,1741,285,891677,1920
0x10843670,HYCKGS,1655,137,847497,1920
0x10924DB6,PRADIS,1763,228,902884,1920
0x1093817B,STAHIS,1849,1,946689,1920
0x10A52720,REVLKS,1782,1,912385,1920
0x10A5A602,STLNKS,1851,320,948032,1920
0x10AA32AD,MTPBLS,1719,144,880272,1920
0x10AA3DA5,MPTBLS,1714,155,877723,1920
0x10AA79AF,TRNCLS,1883,287,964383,1920
0x10AF7620,HYCTLS,1658,1,848897,1920
0x10B33F76,AITEMS,1476,142,755854,1920
0x10BC8026,SCOINS,1804,296,923944,1920
0x10BD696C,MAPLNS,1700,285,870685,1920
0x10C6A731,MVIPOS,1724,162,882850,1920
0x10C6B12D,DIMPOS,1555,285,796445,1920
0x10C6C587,CMTPOS,1520,139,778379,1920
0x10C72FA1,CTCROS,1537,170,787114,1920
0x10E27F7B,FABASS,1595,1,816641,1920
0x10E3D433,TRMESS,1880,280,962840,1920
0x10E51FFF,REVISS,1781,299,912171,1920
0x10EB3A95,HYCCTS,1655,1,847361,1920
0x10EE9AF5,WLJNTS,1916,1,980993,1920
0x10EF433E,LOOPTS,1696,243,868595,1920
0x10F029EF,TOOSTS,1895,266,970506,1920
0x10F37528,TRNCUS,1896,1,970753,1920
0x1103EC15,MVIDWS,1723,1,882177,1920
0x112C6D79,REFDAT,1775,301,909101,1920
0x112C72E6,CCHDAT,1506,284,771356,1920
0x112C8F97,DERDAT,1553,293,795429,1920
0x112C96DB,ATTDAT,1488,1,761857,1920
0x112C974B,EXTDAT,1577,297,807721,1920
0x112CBB17,PLFEAT,1753,172,897708,1920
0x112CBB1E,WLFEAT,1915,129,980609,1920
0x112CBB75,BPFEAT,1497,1,766465,1920
0x112CBBB1,HRFEAT,1644,296,842024,1920
0x112CBBE2,CTFEAT,1537,346,787290,1920
0x112CBBE7,HTFEAT,1652,140,845964,1920
0x112CBBF1,RTFEAT,1792,152,917656,1920
0x112EEC07,CLNLAT,1514,159,775327,1920
0x112F4763,INSMAT,1674,127,857215,1920
0x113BE74B,PLTACT,1755,1,898561,1920
0x113F63A7,MVIMCT,1724,1,882689,1920
0x1141BA87,SCDUCT,1800,1,921601,1920
0x114A01C2,DISUDT,1557,139,797323,1920
0x114A894D,HYLWDT,1663,287,851743,1920
0x11515450,SPBSET,1828,156,936092,1920
0x115155B8,ACCSET,1467,272,751376,1920
0x11515E12,FAFSET,1596,1,817153,1920
0x1151616F,CFGSET,1509,369,772977,1920
0x1151824C,STRSET,1854,1,949249,1920
0x1151831D,LASSET,1682,262,861446,1920
0x115184E0,DRSSET,1563,236,800492,1920
0x11519566,VLYSET,1909,127,977535,1920
0x1155EF38,MPKGFT,1711,165,876197,1920
0x116CF9A5,HYCCIT,1654,291,847139,1920
0x11700A47,ULIMIT,1902,1,973825,1920
0x117071AF,FURNIT,1594,293,816421,1920
0x11757BE9,MWLDJT,1725,275,883475,1920
0x117D59D1,HBRCKT,1624,292,831780,1920
0x11865E5C,STRFLT,1853,146,948882,1920
0x11977344,IJOINT,1670,253,855293,1920
0x119773E0,CPOINT,1531,1,783873,1920
0x119773E4,GPOINT,1611,1,824833,1920
0x119773E5,HPOINT,1642,317,841021,1920
0x119780EB,UDTINT,1901,1,973313,1920
0x11991FFE,HYCONT,1656,140,848012,1920
0x1199280E,TTFONT,1891,144,968336,1920
0x11993BC7,TRMONT,1881,132,963204,1920
0x11996A88,ACCPNT,1467,136,751240,1920
0x11A118CB,CPRNOT,1533,1,784897,1920
0x11A118D0,HPRNOT,1644,1,841729,1920
0x11A8BE1A,HYCMPT,1655,269,847629,1920
0x11A8DDF3,GCOMPT,1598,271,818447,1920
0x11A8DDF4,HCOMPT,1626,313,832825,1920
0x11A95002,SDAOPT,1812,154,927898,1920
0x11A9BF89,DIMPPT,1556,1,796673,1920
0x11B5802C,MWPART,1726,265,883977,1920
0x11B5D534,SSSBRT,1847,323,945987,1920
0x11B62049,PBSCRT,1746,1,893953,1920
0x11BB180A,SRFTRT,1844,325,944453,1920
0x11BD7D4A,FAFAST,1595,301,816941,1920
0x11BE9919,DSXDST,1567,294,802598,1920
0x11BEC87C,LINEST,1692,1,866305,1920
0x11BEC8D1,PLNEST,1772,1,907265,1920
0x11BFF717,PPLIST,1762,143,902287,1920
0x11BFF760,HSLIST,1649,328,844616,1920
0x11BFF768,PSLIST,1766,236,904428,1920
0x11C0A05B,MARKST,1701,1,870913,1920
0x11C0CCE4,TRFLST,1879,138,962186,1920
0x11C0DCF9,FILLST,1583,1,810497,1920
0x11C0E0D3,TRMLST,1881,1,963073,1920
0x11C0F1E9,TRSLST,1888,324,966980,1920
0x11C0F9FD,INVLST,1678,1,859137,1920
0x11C16D9F,SCINST,1803,1,923137,1920
0x11C16F40,DSINST,1565,299,801579,1920
0x11C17783,MPLNST,1712,267,876811,1920
0x11C18899,MPRNST,1713,275,877331,1920
0x11C1CFFB,HRPOST,1646,293,843045,1920
0x11C1D0B8,HYPOST,1665,140,852620,1920
0x11C1DF4A,LAVOST,1683,157,861853,1920
0x11C21AC2,HYOPST,1664,139,852107,1920
0x11C2CE7E,LAYRST,1684,147,862355,1920
0x11C2DB20,FMBSST,1588,1,813057,1920
0x11C36749,DSXTST,1569,300,803628,1920
0x11C42C6C,HYLWST,1664,1,851969,1920
0x11C4BACE,HYHYST,1662,1,850945,1920
0x11C5C192,SETATT,1816,1,929793,1920
0x11C5C25A,CMTATT,1519,1,777729,1920
0x11C5C27B,INTATT,1676,1,858113,1920
0x11C80096,SCFITT,1801,1,922113,1920
0x11C8017B,ELFITT,1573,146,805522,1920
0x11C8018D,WLFITT,1915,268,980748,1920
0x11C801B5,INFITT,1673,1,856577,1920
0x11C801E4,BPFITT,1497,154,766618,1920
0x11C801E8,FPFITT,1592,298,815402,1920
0x11CE72B0,CPRCUT,1531,283,784155,1920
0x11CE72B5,HPRCUT,1643,1,841217,1920
0x11D211AC,HCTOUT,1627,1,833025,1920
0x11D220DB,GLYOUT,1606,272,822544,1920
0x11E74F28,SOLEXT,1826,278,935190,1920
0x11E75A8D,TOPEXT,1875,273,960273,1920
0x11E75F0E,LDREXT,1690,1,865281,1920
0x11E765DF,BOTEXT,1495,145,765585,1920
0x11EBB27A,LABTXT,1700,1,870401,1920
0x121BC5B7,HYCRCU,1657,1,848385,1920
0x121E3833,HYGZCU,1661,270,850702,1920
0x12202427,TRREDU,1888,161,966817,1920
0x1220244C,CTREDU,1539,140,788108,1920
0x127D1E20,SCGROU,1801,150,922262,1920
0x1288E44B,MPLCQU,1712,1,876545,1920
0x12898F6C,ASREQU,1484,152,759960,1920
0x128A46B2,TABHQU,1865,1,954881,1920
0x128E1317,MNSTQU,1709,1,875009,1920
0x128EC6EA,MRAWQU,1716,272,878864,1920
0x12A08721,JLDATU,1680,131,860291,1920
0x12A08727,PLDATU,1752,282,897306,1920
0x12A08752,ENDATU,1574,1,805889,1920
0x12A0B565,ASTATU,1486,161,760993,1920
0x12A11772,SCACTU,1798,1,920577,1920
0x12A61CE8,UNTSTU,1904,141,974989,1920
0x12EFAF34,VMSUBV,1910,1,977921,1920
0x13245E26,ARCHIV,1480,1,757761,1920
0x133ACC5C,SCVALV,1811,295,927527,1920
0x1353AF77,FLRCOV,1585,334,811854,1920
0x13713FE8,GFCURV,1603,198,820934,1920
0x13C18B5E,MPLRAW,1713,1,877057,1920
0x13D1F436,SUBSCW,1859,99,951907,1920
0x13D2064E,GDISCW,1599,266,818954,1920
0x13D81D37,APPLDW,1478,307,757043,1920
0x13DDD7C8,GPRDEW,1611,130,824962,1920
0x13DDD7D4,SPRDEW,1841,284,942876,1920
0x13E22732,GBASEW,1597,320,817984,1920
0x13E779C6,NOTIFW,1733,1,887297,1920
0x13F282FD,TRMSGW,1881,258,963330,1920
0x14116FAE,STLNKW,1852,1,948225,1920
0x142EE321,WINDOW,1914,167,980135,1920
0x1431DBF9,UNKNOW,1903,119,974455,1920
0x1437D167,CFGGPW,1509,1,772609,1920
0x144A2A3E,CPINRW,1529,384,783232,1920
0x145BDBCF,CFGSTW,1510,1,773121,1920
0x145C01BE,UNTSTW,1904,280,975128,1920
0x1464344E,GMATUW,1608,1,823297,1920
0x14984104,GRIDAX,1613,275,826131,1920
0x14A01084,MVICBX,1721,139,881291,1920
0x14BD6FC2,AIDTEX,1476,1,755713,1920
0x14BD9A20,TESTEX,1871,154,958106,1920
0x14D9A8D2,INCFIX,1672,294,856358,1920
0x14D9C561,COMFIX,1524,283,780571,1920
0x15163AD0,CSURPX,1536,128,786560,1920
0x1575B385,FLRLAY,1586,1,812033,1920
0x1575B697,INSLAY,1674,1,857089,1920
0x15836B51,GRIDCY,1614,1,826369,1920
0x1595B66E,CFGKEY,1509,252,772860,1920
0x15991911,CONVEY,1545,1,791041,1920
0x15CBD87D,ASMBLY,1483,322,759618,1920
0x16052A61,GRIDSY,1615,275,827155,1920
0x1611E659,PLTSTY,1756,1,899073,1920
0x171C3AD8,SCNOZZ,1804,152,923800,1920
